[
  {
    "name":"Property announcement email",
    "avatar": "http://0.gravatar.com/avatar/43a5669f2e4d2342701ed560d453a0dd?s=64&d=&r=G",
    "location":"Chennai, India"
  },
  {
    "name":"Email blast flyer",
    "avatar": "http://0.gravatar.com/avatar/43a5669f2e4d2342701ed560d453a0dd?s=64&d=&r=G",
    "location":"Chennai, India"
  },
  {
    "name":"Property mailer",
    "avatar": "http://0.gravatar.com/avatar/43a5669f2e4d2342701ed560d453a0dd?s=64&d=&r=G",
    "location":"Chennai, India"
  },
  {
    "name":"Property poster",
    "avatar": "http://0.gravatar.com/avatar/43a5669f2e4d2342701ed560d453a0dd?s=64&d=&r=G",
    "location":"Chennai, India"
  }
]



